{"cameraMode":{"drawMode":0,"name":"Shaded","section":"Shading Mode"},"sceneLighting":false,"audioPlay":false,"sceneViewState":{"m_AlwaysRefresh":false,"showFog":true,"showSkybox":true,"showFlares":true,"showImageEffects":true,"showParticleSystems":true,"showVisualEffectGraphs":true,"m_FxEnabled":true},"in2DMode":false,"pivot":{"x":-0.055961936712265018,"y":-12.073742866516114,"z":35.81626892089844},"rotation":{"x":-0.23498159646987916,"y":-0.03002801164984703,"z":0.007292560767382383,"w":-0.9715356230735779},"size":27.82832145690918,"orthographic":true}